Sales,Region
2822302.5199399977,Central
1600907.0408799974,South
1248165.6025200011,North
1100184.6119999997,Oceania
884423.1690000009,Southeast Asia
848309.781,North Asia
806161.3110000001,EMEA
783773.2109999994,Africa
752826.5669999999,Central Asia
725457.8245,West
678781.24,East
324280.86104000005,Caribbean
66928.17000000001,Canada
